x1,x2,x3,x4,y
-0.9938156005867778,-2.5676836296271794,-0.2881002747627701,0.6601673089545416,1
0.600514173566327,0.15613217109754787,1.0243765505084437,0.3472581891330822,1
-0.27259810661121187,0.20832569708264928,0.28632658516705645,-1.3637592282029416,1
2.0001735104300082,0.36398501927230914,-0.7100084856772951,-0.037587672589029286,1
-0.7024669198780401,0.006357304423015461,0.546921437324694,0.044477617313411794,1
1.092390095056854,0.48700656307009554,0.5756396923885003,-0.01915969046976911,0
0.8899969716771932,0.36522260905836806,-0.0774433293128461,-0.7297543033421864,0
-0.04696721058850734,0.18881869104116414,0.3318885146315803,0.978182578517419,1
0.1633461204544587,-1.4474710164316447,-2.48050742240345,-1.0195322319209195,0
-0.2874817911321811,1.5353833827999568,-0.7714283557859992,-1.5825974669949416,1
-1.2755447415359713,-0.9592464605522677,0.719470863013785,0.8038501021743832,0
0.31537481167932835,-0.3299280579356708,-1.4734898085043573,0.15965774925652568,0
-0.4572921917060212,0.7208511183319662,-9.081301606660984e-4,0.3500839611382673,1
-0.23609217074615468,0.05718948650058622,1.332821229042648,-1.1681411438354812,1
0.26282953039583923,-1.3875446784605123,0.5593369467008575,0.9137862829845663,1
-0.3198071415157428,0.8645861989971244,-0.17274180105296463,-1.2478046941826237,1
0.962477712670952,-0.6171713967586908,-1.2508315959022698,1.4615987963596255,1
-0.5011905400121764,-0.11521536507572876,-0.519982827627752,0.38649511556413835,0
-1.8907708963157972,-0.21521772762357205,1.0803464119463944,0.9793878361303288,1
-0.7615168771517665,0.44352736160098,0.35378190417002137,-0.1795081684942598,0
1.8194717774661007,0.5518081190402114,0.5213222125102411,-0.7145228905984743,0
0.18801701211104885,-0.6185872266231699,-0.8762671291979088,-1.4520634094090878,1
-0.42528399176176984,0.20096727532332082,0.31017725680089403,0.33771908558595454,0
2.207009779757437,0.27300989811620885,-0.2577999461081149,0.2572024090501567,0
0.09968652760679322,1.5640199924848401,-1.3680732155174904,-0.0637894634183571,1
-0.1925478555293037,0.2786983257730288,0.454966949016912,-0.22131391461473993,0
0.9012323269824916,-1.2665764173417393,0.10904656363098522,-0.6184732870315999,0
-0.3156684793577681,1.7666843468790694,0.19092586551945828,-0.09840571085167844,0
0.2864445895005995,-0.6915040695230058,0.5518186888858945,-2.235261762576685,0
-1.83137586638119,1.494502182149605,1.2143343313353665,0.8847813110704105,0
0.724479449160135,-0.7153952631944999,0.6969354582185163,0.7044281443507031,0
-0.5508210436649086,1.184938211338931,-0.8004249992974258,1.041434534303415,0
-0.22017136786712013,0.08391838287922299,0.06972474504680563,0.40025441989982835,0
1.371307057230848,0.9887524608963111,1.0382979829563743,0.22761503690799584,0
-1.5253590200828682,-0.3553774392100961,-1.3229959184986677,0.04814146500197647,0
0.1526908200386474,0.1918331267254529,-0.9058979645312888,-1.347748409299659,0
-0.20779707786549032,-1.3331193665255177,1.1817934106700785,-0.8046351728157689,0
-0.7087669805424557,0.10411603443136942,-0.5865515499089056,2.0376502243298336,1
1.771520980518048,-0.736174261258249,-0.02281351870292825,0.5158723818795329,0
-2.460848905757841,1.2411753687887164,0.1654207129669178,-0.9017539795155732,1
-0.23466602865607913,-0.12368547531964669,0.5407951539373153,2.0407738369716744,1
-0.6201968870353699,-0.30715169032077844,0.15356600465665596,-0.06450473089233352,0
-0.9989026181017664,0.5863990780432052,2.5454342346091607,0.40213350259184144,1
-0.1906296039154205,0.40730447634206823,1.5055260112394389,-0.43438689010659143,1
-0.06975468168685417,1.1448456542807095,0.276650710932741,0.22264141593655593,0
-0.9667240187666531,-0.23020220682556833,0.0839949054158705,-1.2303762059916892,0
-0.5469423593186472,0.5935278983547373,0.0499996361241146,-0.09078360267803715,1
-0.4413730368338598,-0.8362166755489202,0.4006250283758014,-1.8146110846600891,0
-1.4782220069719965,-0.8737882643825586,2.1861382806969853,-1.839361925763966,1
1.0447509517479296,-1.8302730334986792,2.762932859144312,-0.27985027156155207,0
0.8119818938904774,0.276615392180989,-1.233045175393199,0.1536463160816147,0
2.380001229843627,0.3026877544527766,1.3645820022558124,-1.0837218289430295,0
-0.22466267231115802,0.03590507013285445,0.6416686101914575,-0.6413190831089111,1
-0.6607674014238533,-0.45107357077663407,-0.09123571333820636,0.21328287130418513,0
-1.1926832833920016,-1.2182002405682444,-1.1036323249288658,1.362186611128741,0
1.8711807415643018,-1.7679173433910462,2.2733404137938034,0.11089286946236253,0
-0.40491380926829157,0.5764236029951051,0.9544476280679367,-0.06544547354150475,1
0.4466005809427654,2.766022567943209,0.4044284776660219,-0.2772534871371817,0
-0.46951830829758584,-0.3405170521272104,-0.14563878047536497,1.405396874551334,1
1.2464593524748682,-0.5961072147750645,-0.27246617232971837,0.44021637082755605,0
-0.47679280629038984,-0.8753461064802109,-0.2730258697956746,0.5676646476436534,0
-0.1410207404584966,1.17105976985473,-0.8271992388476805,-1.0662516047825656,1
-0.16028287425211046,-0.22566900800264852,1.5625171460614609,0.5358058106828091,0
1.0885368846473078,-0.8976585451719726,2.355213321621958,1.2570482887455527,0
0.7596468733647485,-0.2869859637247183,-0.3337515498913181,-0.1115051009948262,0
1.001009922884911,0.5015717083682658,0.9663404109296528,-0.5763587552814178,0
0.5917749793085697,-8.727288348110469e-4,-1.6188022485787197,-0.3011868798305731,1
-1.0286214521444261,-0.25719626559323483,-0.4070321788289221,0.06677137759938075,0
1.0947552826579967,-1.5434134771456776,1.0593007660009381,-1.4844241095666273,0
-0.6816115547621873,-2.708171691727297,1.820673111556825,0.205992532177434,1
0.16605540075165084,0.21741244490421513,0.7425851297268814,0.030184256451903008,0
0.02125618716256875,-1.1684538100646804,0.2768266424699092,-0.3848167314878526,0
-0.8713381685965121,0.05176339043175614,-0.20561245599475955,1.0098200927925751,0
1.372873887707209,0.4020585160016578,0.2572719616151859,-0.8936781572493294,0
0.7036094318275412,-0.717476380347751,-0.42715022350143117,0.09092290533183799,1
-0.08389035658163314,-0.7503975084662903,1.1802868457853737,-0.13801594908760295,0
-1.2122469474631894,0.6796585036567643,0.9134372902140224,1.0734993176303809,0
-0.5106727484462679,0.619577728702024,-0.8055377418026646,1.74275294269062,0
-1.710734795203992,-2.1300444215572263,-2.5614915547837946,-1.2152093569021336,0
-1.5673290262491857,0.43867562961729073,0.2784726179092891,0.8028726224972154,0
0.19209436173747396,-0.07755118877040153,-1.1373997428573435,-0.7252212702269588,1
0.5704683116588933,-0.1894029207034814,1.1520966183971455,-0.2303257002519231,0
1.1682294637147363,0.440546484200811,-0.07024594612057082,0.34382406708787017,0
0.6560064700206362,0.08274015933399241,-2.4844705223686465,0.48487358421885607,1
0.6210932479138372,-0.3718154660618671,1.3995857782759369,-0.5338716152508955,0
0.06428214851287309,-0.6158914976641813,0.09928912707046046,-1.3404834222442685,0
0.6572103211304284,0.7731064309447405,-0.46086319989306535,1.4582982414192138,0
1.1037388923123106,-0.2898267099919522,0.3422035913746662,-0.4097712398828863,0
0.6377355972424471,0.4193421177044813,-0.21548052567244327,0.5957565414294018,1
-0.51390327008658,0.6968191949600944,-0.32881545111139016,-0.8098029888861008,0
0.11137824782179037,1.8136425400411376,-0.2850859377310476,0.6550718120201755,0
1.1131516959676226,1.4377585193409217,-1.4339806279086802,-1.3831841707709476,1
-1.127539300076971,0.7029626930181346,1.0491957338549438,0.5265368227306636,1
0.21149130564208432,-1.5274480458155595,0.6019497856767272,-1.013402473383824,0
-2.2205980930736176,0.7203571780402213,-0.2758517283687449,0.3369546633308594,0
-0.14907665045897864,-0.24294476077014257,0.07919638898413368,0.22202467419118904,0
0.10513193237177791,0.3763131780683257,-1.0174859592720313,0.8099118624708307,0
-0.3316888547109915,-0.4519093767394528,-0.574403222307838,0.3867860069671475,1
0.37157711233930735,-1.445879861248321,0.5331996693398701,-0.8515984452543158,0
0.08861536356653647,1.0499693082047352,0.39808397291576036,-0.02717392615718196,0
-0.12234482105675046,0.6668709596316921,1.6815065393754502,0.023452448513760014,0
-2.0308297497022187,1.0012024471013912,0.13543385273341665,0.9754397229696129,0
-1.269785674282858,-0.34267367213117195,-0.13730726496805437,-0.9971334296941746,0
0.6397149480355807,-1.974188351489592,0.8529388726566299,-0.20072436550174816,0
1.2277149313102222,-0.34750483160432827,0.6485919230362939,-0.49919085090613374,0
-0.4762549980198643,-0.3766832834070655,-0.23994148902021184,-0.925840192038574,1
-0.6687388147042337,-1.4436362554241018,-0.2974047443258334,1.0098629955556286,1
-0.19613796437734335,-0.9763143098836081,0.48166046296453563,-0.5395496495868838,0
-0.8835275862455001,-0.30850446095417833,0.41749244387111994,2.5847509606494947,1
0.34458317317321363,0.8651274758849246,1.9712290161366564,-0.2922252868833353,0
0.40569713528753193,0.19079737398483929,0.9297817938719001,1.9265379294457439,0
1.000570219170062,0.544419358087357,-0.5628694130180509,-0.1709213277393965,0
-0.8796092858045094,0.37634317098810555,-0.3136772736994464,-1.1823709248131222,1
1.4120581228853646,-0.12882506122915582,-0.9600476604695783,1.017660359094172,1
-0.0024186634188243525,-1.8531425043736818,-0.26797422089892714,-0.6930361964217936,0
0.4214340322203195,0.3398661799418398,0.8432240377286839,1.4239943938867246,0
-0.39413303343473655,-1.097674203225608,0.5053913705808409,-2.0538141274432444,0
-0.46569142805734975,0.2828500306531739,0.11614958243168139,0.04665973464344024,1
-0.046367918943807505,0.17489778302523687,0.517138822643164,0.8155748822134525,1
1.0252331652483857,-0.2265331038768394,-2.2140393797264526,0.32450818481839766,1
0.4371967156837816,0.5826772668335294,-0.46548649562987243,-2.3560615566160243,1
0.172887436749217,-0.18594085820861841,0.13124733147344794,-2.037407630385796,1
-0.5631196460101952,1.5035687915613403,0.5785588747849981,-0.405178394038019,0
-0.4329409630574434,0.5987999791978941,-1.6114318063778998,0.8776456803721363,0
-0.46773755074273093,-0.566571456282231,1.758849834745509,1.0965208018289219,1
0.9388898195687116,-1.0542333385370037,0.6032858109775722,0.6515517236049216,1
-1.4361843860602477,-1.3386905480039228,0.7970519192159254,0.13961363638671145,0
0.9728448664628608,0.6872884416533194,0.27060242711669585,0.9773860538902567,0
-0.49399799230578134,0.19823908302316048,0.9678086320301771,0.7493422721924121,1
0.15330897789960798,1.6402190575393318,0.7639083090562808,0.4360085313848651,0
-1.1714551511636249,-0.5231581195821547,-0.5859004441136899,-0.5388809859396932,0
2.3446916130053377,1.2855982802052843,0.35923018828462233,0.7091095375403504,0
-0.35191260487345455,-1.5150578470809422,-0.048028101607511975,0.8099870936105389,1
1.2090235702639422,0.602923135603726,0.21621921406993747,-3.125118381640258,1
0.03197175716522688,-1.2790241589138303,-1.5505681650569374,1.8131597702985278,1
-1.5103292890839966,-0.519156024410323,-0.4688912843593856,0.47209304968317806,0
-1.2340048669327686,-3.0855506503138797,1.9205144491894255,0.6541140581360086,1
0.5888995141058972,0.932644211036902,1.000204375512178,0.36055916082622297,0
-1.8472066059024848,-0.7261663798821028,-0.3241636001444464,-0.1756542347009865,0
-2.712354446289876,0.692684569657396,-0.8413948870112525,0.6761568797158565,0
0.7044449754583674,0.5984263754082234,-0.451432219404269,0.7162557165206638,1
-1.055488466154275,0.7481780287537938,1.3198881038122698,1.0492103511883795,0
-1.3551829798508226,2.1329910896440243,-0.7099360876512494,-0.2822109249728735,0
-0.7014290277955377,-0.8204678364843426,-0.6263348827374116,-0.6452595468620645,0
0.13151808721496225,-1.1882020428629831,-0.4932061438140519,0.7331341440945791,1
0.7665183072820896,-1.3219088809735475,0.08393196866229673,-2.234440876117868,0
-0.999111340446959,-2.1095736191663574,2.128397537597231,-0.43066458193461066,0
-0.5727365768761628,-1.1592751756778505,0.9797171835877577,-0.532004101585273,0
-2.0014478626410717,-0.249433823712265,1.1576498736671312,-0.9962791091092343,1
-0.11074144222832116,-0.34111766336073984,1.3688177244374338,0.41362397714802657,1
-0.8718911254184432,0.892955181221925,-1.1959043115969137,-0.5883250839320158,0
0.36769322260728,1.1354042821703787,-1.0361693348935725,1.3844623228172894,0
-1.0367258445784227,2.0134164613141996,0.283199761471501,-1.191202164160351,1
0.4912265139245245,0.4467476702164222,-0.754326358098394,-1.426143376820695,0
1.6849128755527398,0.8708841310835407,-0.6100391559672725,0.6925380681833427,1
-0.5614468838752396,2.014565736167596,0.5823546246627465,-0.15624635720796348,0
0.5913369757881984,1.3286294717290683,-0.19227178896332595,-2.129473568496342,1
0.9724673081425277,-0.48356412776510205,-1.0014115354039936,-0.6061956410947806,1
1.5692135169952321,-0.8748456151344809,-1.185315764108271,0.1973690821247746,1
1.733839228667185,0.6637760131050187,2.510662785380256,1.205800506516274,0
0.32510104946961554,-0.14055922499116444,-2.8270442992022233,-0.23662540094587767,1
-0.8031222713091004,0.9283631840053892,-0.9542308615982411,-1.2334915296487963,1
-1.016023636942627,0.47963048693353566,1.3870397582020713,-0.3442918839004734,1
0.5302692073238812,0.5283630263916004,-0.05110649851446101,0.6785893116784787,1
1.3831350971649028,1.0301201973231628,1.8357087715428877,0.622961213216998,0
-0.02669694556839367,-0.768516497004294,0.850401196589441,-0.7521778838406288,0
1.286827728111713,-0.4117360659365569,-0.28476945727258957,0.7142313166765679,0
-1.5452737805579202,-0.4760213683655544,-0.16113068849093262,0.6087355747982887,0
0.1281417018033677,-1.1112679183955643,0.10634829515479,0.29068263289071694,1
-1.147386877318632,-1.3258716161897324,0.5311097118856072,-0.8300515863055044,0
-0.11326750792629257,-0.9763950802306538,0.5116008640608759,0.5680186648688692,1
-0.6096264549248694,-0.5327846823939261,-0.33468748102420887,1.12451775385954,1
0.07843943115985168,-1.047782242460726,1.0264195586156664,1.0480164647134784,0
-0.46103557268860623,2.63830845280237,0.9121337399020201,-0.9297328764524262,1
0.2930255038851798,-1.2215278916822985,0.45906269174103137,1.8594236650090656,1
0.29248105300078103,0.49199688263312585,0.1620815705820493,2.310837804517001,1
1.3452878286029404,-0.5352695516055801,-0.7124955645713557,-0.8550035742848481,1
-0.8747819203577643,-0.3687139162940277,-0.8126637583530779,-0.16247242439782475,0
-0.6123356913530871,0.09156733451820591,2.1193871117708816,-0.423830626306435,1
-0.4600597408348906,0.20720097384577107,-0.9618998944321474,0.2284588273233362,1
-0.10240701795240713,-1.4123342556489964,2.1613697732635364,-0.670898312509959,0
0.6953765054757425,-0.6924719295142092,0.8553246928900378,1.08778008583339,0
0.08024494099046099,-0.8228838890623594,0.03980130038782597,1.8531776197817602,1
-1.5296480120957157,1.6605717260101072,-1.1762338887249972,-0.34960661564236856,0
-0.8119152406015666,-0.7321623772630957,0.7267761362313222,-0.39241791977243645,1
-0.9771663284874121,0.380103325220924,0.942072354795236,-0.05942526178806671,1
-2.9616651443402517,-0.7120081283323608,-0.230343188281753,-0.21393341513707323,0
0.27409921419807703,1.2333883110030561,0.5814031969688109,1.349501972207281,0
1.5884580222045923,0.5540850401613319,0.26592632929985105,1.5135321309825593,0
-0.3879940474777234,-0.12490092479948453,1.7463275890846566,1.0771149281096417,0
-1.3867702916111335,1.9606024616411666,-0.3917720229814148,0.24617797066258792,0
1.4635719900342756,0.07527790388376747,0.7027497810767137,0.3504797414904236,0
-0.20908468162757424,-0.24591456806901743,-1.3559635730497634,-0.696348360772837,0
-1.1235123683287447,-1.7313383528804405,0.2528750599490108,0.8313197384811257,0
-1.0966924155413609,0.829532568403461,1.1741917857572213,0.18047247244503006,0
-1.4013326774861754,-0.25681289221101133,0.08373716640408045,0.7202647374978924,0
-1.296379021695316,-0.005208913642971061,-0.5249011805590351,-0.3221472252981209,0
-0.0679289670338531,-1.2585937313422872,0.33578323634726576,-0.40116325814460785,0
-0.4431793144929787,1.4293456171187202,0.32947202389012975,-0.4163917917166373,0
0.7302449249649399,-0.2172035601678093,2.2585922551313273,-0.34688346668032277,0
-0.7100425400371787,-0.30901837440618174,0.8906913858632103,-1.3712560275467296,0
-1.293367990304959,0.18647745953850872,-0.24793957463717312,0.07467706390360462,1
1.1558717396366722,1.6948291582541386,1.1889660083690465,1.2303204211870131,0
0.39997806157774307,2.436527612775985,1.0867991849163352,0.15555952905400489,0
-0.6280543725105955,-0.1375745177875271,-0.5089770183079001,2.0391019499934835,1
0.9003456495095987,-1.272131937038113,-1.6806621781709006,0.3154360294954912,0
-0.13923973507447981,1.7124954024088483,2.340510486520552,-1.9975700307605018,1
-0.11586305758433146,0.2002533630972479,-0.23508148704364612,0.53746600128837,0
-1.0030764085381316,1.25088968804986,-0.78424068804613,-0.4029844049173561,0
0.41370325309764533,0.42244754097996634,-0.5737959485214561,1.4519465298636038,0
0.37360711491140586,-0.8921913719154069,0.7639200675116996,-0.41930404915995395,0
1.8207701338393727,-1.6313633632387778,0.5796956377210468,0.6405964906066932,0
-0.21956953165007903,-0.4885106480619969,-1.097121034387011,0.39461859102251157,1
-2.1179326760802772,-0.24067240169389292,0.825624209587735,-0.41003576931579194,1
1.688549685292716,-0.3584854457605258,1.1132006378656734,-0.3387883327400329,0
-0.5791755336510672,0.43002285927111206,0.044160195312990994,0.003109229530788915,0
-0.659236185195672,-1.7266031025460649,-0.6954220180229032,1.7515317263264387,1
0.24591362781601767,-0.37540133070989395,0.3354826023845588,0.09388762362054631,0
-0.05004876340434896,2.6993446989617484,-0.18465452865640988,0.7231122117202341,0
-0.43151944447308455,-0.8455886271094933,0.3959320880898844,-0.10270437536299802,1
-1.2682618988298295,1.2142881576652425,-0.5115700652386258,-0.7190729677971901,1
0.6854598337212479,-0.6031525147158907,-0.02713946398209934,-1.8317717547486432,0
-0.8804316241362056,-2.5935235785242265,-0.36784703404034047,0.6078555153619936,0
0.9884804368968333,-0.7492999943159941,0.108165840454816,0.49089775028597404,0
-0.6889018109954943,1.853618687431536,0.0715009746121402,-0.9161390258288131,1
0.08340603299784886,1.3701067834519847,-1.1775835442741642,-0.12117991109915832,0
-0.8375590226877699,1.6415102732809603,1.9820168506123523,-0.9073534546401715,0
0.09838853207315025,-0.29045316431463564,0.2215173534925287,-1.671033236202648,0
-0.32644098122916393,-0.45182293787244004,2.581245396651565,0.3359209337520484,1
-0.24417455486568343,-0.46352668863577495,-2.230160399567433,0.7531327516914215,0
-0.49712416476049787,-1.1016903249749908,-0.16432869037038333,-1.3049186524168823,0
0.35480225766959506,-0.19399794833255582,-1.2811830972618519,-1.0376793725179603,1
0.8331737802783996,1.0078682667789678,1.4576252760635706,0.31415939868025966,0
0.15148058210680837,0.7449063840577019,-0.9259088357201763,3.6838036217361263,0
-1.2715067527352835,-0.7908017639813975,0.7801186717633244,1.1211916335083325,1
0.0888947215731691,-0.4576666745376041,0.10369138416833217,-0.9559435565844646,1
0.38342567935209415,-0.13899225412527752,1.2638378725230333,-0.31545109746649985,1
0.7718386368217353,0.20804200273622883,-0.9959746362005996,0.7755152839591603,1
0.45827679173270836,-1.1694875568387144,-0.12004026058670877,-1.0216332870355627,0
-0.7901560004017351,0.6139435989574614,-0.19529014818301638,0.1920770194106202,0
1.8831438805180076,-0.16935850846601774,0.9912923330334805,0.06819781914901728,0
-0.053546025974650725,1.5947245524251594,-1.6619563983178327,1.3844104981076473,0
-0.07488041744513108,0.7257887560036987,-0.950582729112628,-2.0822253431321474,1
-0.1659412897332503,-1.4951352651945722,-0.02067492515700936,0.2864181901672054,1
0.2783421018902159,-0.41785356966782683,0.29627036400514006,-1.339877051379604,1
0.002250345261179853,-0.5641757071042074,0.3819117123973658,0.26962124510702123,1
-0.7808823166546234,-1.4002447331247245,0.2146596639263854,-0.037713276169010046,0
0.7820025157135553,1.025842491765425,0.3106532742263444,-0.04462305330370692,0
2.750086232926645,1.2243531204343443,0.9989260107934251,-0.2821813223319491,0
-0.5092797679658762,1.365550669206519,-0.901348064587828,0.3491056449902321,0
-1.1966215873353754,1.051788096821105,-0.26758569835217094,-0.1432852833831981,0
1.5112399245259853,1.446944516349581,-1.3016235632120656,-1.4418867847761825,1
0.05753953598159023,0.5695907841994577,-1.407313228653073,0.08079153836126364,0
-0.8102623752556664,0.8788937669945113,-0.3115803062012913,0.15651908192214486,1
-1.7493942959962214,-0.9061044703441743,0.9529845863685434,0.9351429213252056,1
0.5608126960763273,-0.130401035118276,0.662773802712754,-0.34914351210289596,1
-0.44558701662199,-0.29653446194464483,-1.7378036988293777,-1.0944480928006803,0
-0.17825299981256398,-0.38156888755006757,-1.2422167997127225,-2.5550084161655815,0
0.24336468852157697,0.168513013116632,-0.5152960728720156,-0.7900266114169503,0
-1.8456134404195352,0.1212982403706635,0.3989052781728436,1.0238155670024183,0
0.46103765954726117,-1.0408161277224632,-2.25802270383911,0.4885507464760156,1
-0.5910169877381,2.4894476252518762,-1.0521989258749505,-1.1772566644830464,1
-1.0777585656820594,0.4379564200841254,0.6936868424059872,0.55635798015105975,1
-1.9331178186647597,-0.6551920685045544,0.6035069304873563,-0.26125099553646547,1
-0.36954782667067726,0.9536317772612901,0.7770571979983026,3.3360959545271105,0
0.7930492572309098,-0.057366684114286505,0.2840359805812256,-0.5692891097647312,0
0.5175984990162001,0.08430355972389142,-0.12787417637607074,-1.664986007428121,1
-1.4963366322669236,0.4181130236255471,-0.13836678932508503,0.336421490490561,0
-2.355082727677642,-0.6565139349431519,-1.5013060865121364,1.1271075703545737,0
-1.9086035555756133,-2.0027879101055865,1.016021441221104,-1.7583188973571617,0
0.31503366507350783,-0.3329905211983977,1.7126100820196322,-1.1511034946693426,0
1.3623145902097629,-0.4642701252521194,-1.3352685352775713,0.4500226079934062,1
-0.48815801472852766,-1.7825542376197823,-0.5797318690291126,1.4963077846202517,1
0.3137261681991541,-0.0792716426844436,0.3020189180926781,-0.13116381665298474,1
-0.6991461372366603,0.27213913674477147,0.09501794350972584,0.8097489763363721,1
0.5279553584283271,-0.36597028328431713,0.8198339856038339,-0.6871373432921262,0
0.15027437832171622,-0.17076924206003197,1.5004154686167197,-1.1310560092488051,0
-1.239529024763173,-1.43603382730734,1.6911114003308017,1.0039906234038394,1
0.6808065591885181,1.8326034203650385,-1.0721522620219928,0.5805755594874594,0
0.20429697917547024,-0.3534037223415426,0.32375021841695956,0.38582052859096955,1
1.970193185018415,0.34104511223045075,-0.9422900567610951,0.8825203947870734,1
0.28581351287254886,0.06023332174100162,1.2814084949854276,0.3863751851009636,1
-0.7686117777318007,0.8736174876085678,0.2838050921483989,2.0025597497606227,0
-0.30654646656780904,-0.13094132200079517,-1.7346411063583516,0.18093001076457316,1
0.15636752297984116,0.9375008835012528,0.42972201381810965,0.043871167262333005,0
0.49149613844031614,1.4544185851459943,-0.7278779566392675,1.2629667576060144,0
0.9998329030819191,-1.3955665866588969,0.3772624087638473,0.0940113067110806,0
0.3062340096105342,-0.27379868827331544,-1.123798482320515,0.33731795345490373,1
-0.13775918296474554,-1.4497410390925785,0.06423410982710012,1.316324224740388,1
0.19478930038291056,0.5482740034534551,-0.042818036573422195,-0.5871392588187443,0
0.32629405528689515,-0.00392496812165865,0.40855535547449806,0.15333489465507755,0
-0.6556372998200896,-0.7365902189432056,-0.2330997220360428,0.523944008795475,0
0.5288042384802066,-0.23718684984436603,-0.004685378093655223,0.12370679612925413,0
-1.7149658933786303,-0.2361274107579651,-0.9341294256746713,-0.4089925891135344,0
-0.20696427058359382,0.07941386177136536,0.4949264722256151,0.22147973054731276,1
1.0873027008996439,0.007877209701159463,-0.2991571426680855,0.5809574352935309,1
1.160474283828902,-1.1272843544299596,-1.1172091592444162,-1.5084255889386595,0
-0.7411161282972436,1.2776788807697577,-0.13662328255994854,0.7102316224421907,0
-2.3635056015615152,0.9235923056219433,0.38024474420540977,1.1197470083323633,0
-2.2891366506390227,1.4744468627162928,-0.031946525856711885,-0.8207502114563786,0
-1.5073174649373071,-0.3169907989406351,1.789481233172276,1.4657322450811079,1
1.2215919339149175,-1.099172983524024,-0.796154618424301,-0.05598981404038907,0
1.5034850623861395,1.0480984708027288,0.7717520576600145,1.3544961361962564,0
-1.8753462309510953,-0.2341621540677844,-0.4311487989364037,2.785468463269881,0
0.2775589088423122,0.23269737673664256,0.7224120280355023,0.7051368234507368,0
2.0911610409479793,1.9372684975452308,-0.050529487497590064,-1.7434930285256036,1
-2.1672468325160708,1.3337930664211213,-0.44226473260679816,1.3226851482772923,0
0.6678151738688336,1.1099691904440885,1.0014817691216478,0.27146516313754027,0
-0.5152121605109953,1.0123240497007326,-0.34860451989560176,0.38364355804321304,0
-1.404786271886673,1.250797979569596,0.4949974426188549,0.39006242138103253,0
0.035401324670993356,0.48190502987290623,-0.4519918644359132,-1.3411888953740576,0
0.626501340700994,-0.8175802018582139,-2.229005384132634,-0.6920101064447596,1
0.3211705937386129,-0.4288355142681281,-0.665153750796016,0.5364654163138591,1
0.6490435883372825,-0.8482515580762331,1.423663552889118,-0.07861447565977972,0
-1.5440309311952252,-0.9242227238873391,-0.16693160730983078,0.18208356281770025,0
-1.2296621240279149,-1.1579947231475987,1.6380056660989553,0.9027405530040034,1
-0.2558983741286201,0.2581814704051706,-1.084892955458506,-0.38117508520046206,0
0.031034032178272164,-0.6869661369190622,-0.8165774640142643,1.8593305139732397,1
1.4936214676124602,1.5329699577341702,-0.19614492324757327,0.22778757964353952,0
0.6379414992276085,1.6878140528840442,0.5082638371417754,-0.3212884904062457,0
0.3719035625520637,-0.044124183351542036,0.5576565377500793,-0.520822135110558,1
0.7163726270890994,1.0331054017990127,0.8314880550408372,0.2226124455208076,0
1.0721501457472147,1.485127309861902,1.3405610854143677,-1.5612732076050224,0
-0.44009355767220965,0.23007706358450075,1.1452105167315298,-0.8039762068288233,0
-1.4718630787569003,-0.7104318302558723,-1.4846168022154929,-1.595421102377451,0
0.15359324042505526,-4.037690320465009,-0.2097142653660299,-0.8985659328355585,0
2.2310625998532028,-0.08350277269714644,0.19956942485841758,0.28350262324257236,0
0.7162598467630139,-0.6861717673223732,0.37577688516738994,-0.27834475060472225,0
0.30530488607648604,-0.42632874377511554,0.5313889479049362,0.36248052994821633,1
-1.4987046521777947,1.2979327325206629,-1.0065627406464268,0.22990076078652208,0
-0.24283464389909495,0.05797358603443493,0.8502792210638719,-0.7278127587940443,1
0.029189521762383517,-1.5833470554287197,-0.14357366502682167,0.35854068081578,0
-0.15134371362482568,1.1915837444342954,0.4058177932984754,-0.7559939944165153,1
-0.7362522336636421,-0.15320790222692504,1.9905726245863058,-1.6434016831462064,1
0.5222174072394595,0.7983556226026117,0.28548136783801953,1.532853401343821,0
0.2269376063464491,-0.6170000171842558,1.5603056447245132,-0.1403062268774351,1
-1.7046661214242886,2.5182726077079667,1.0666599561555925,-0.8687198394336562,0
-0.88911101985344,0.8100622920299712,0.32396275228286237,-0.08500549778581784,1
-0.7339338172930752,0.20193707079574458,1.9242891874884824,-1.2412449501671572,1
0.6605612367574352,-1.0870172238143618,0.6765726218194605,-0.5326991896188003,0
0.7626116706863753,0.7916528522824567,-1.500679580958587,-0.16352653704840703,1
0.8983077206732594,-1.3975054972125878,-1.7944963244302492,-1.1579995294353471,0
-0.5947371236185022,0.5884385808965286,-0.4513405087416631,-0.23348636997514624,1
-0.5098280198529281,-0.8680740318647551,0.11105392445546203,-1.5947639275991061,0
-0.2819613055050405,-2.6832116723714776,-0.7738568327691075,-1.817198020615873,0
1.210761497121176,-1.5709846197276034,-1.1598601745734853,0.33947980268914907,1
-0.731155343513049,0.3809915268754938,0.026450636669886726,-0.18599049008513382,1
0.10526890584913234,0.8765510399871701,-0.18599129475068119,0.06282234115977996,0
-0.35027872922180353,1.2487994929783164,-0.1317978946338056,0.28478395490795666,0
-0.4813722340082992,0.34227912163592716,-1.8697012648353144,-0.84387739150845,0
-0.675523684970204,-0.3320544462678739,0.20344576577266033,-0.15190249431107664,1
0.5410923304841522,0.5486527794786766,1.1288283635407859,-1.229715461438862,0
1.5996911611448927,0.3586832962427687,0.984024498916354,0.056939586651072474,0
-0.7772812023197362,-1.9309415322258476,1.4361068094196043,0.8605087243920969,1
-0.19210102292631448,-1.614393328703069,2.244605390637572,0.547016331655933,1
-1.139301055866962,-0.7733483244680175,0.6207704380600584,0.27594825253929295,1
-1.5755444079138876,-0.633414734001532,-1.1269513935303246,0.7107345464627512,0
0.4000054165901605,-1.1592254525662835,0.07351544717873304,-1.28765959210811,0
-0.11100439260424902,0.20680948904178603,0.42141233959051155,-0.6896102059496965,1
0.40857187937243433,1.9528812354633698,-0.9231477491220634,0.9159713316529565,0
0.5825527163348184,0.40116959972949834,-0.6914951324256986,-0.0019176092819112038,1
1.7030219885376905,0.37534426489186695,-1.1885210073147925,2.48692571240534,1
1.355184926750821,0.10886833052980098,0.3462455466644204,0.16542460698694858,0
0.1686203905642724,0.41379733424544024,0.5533233958909345,-0.9477541424858058,1
0.3548520519630519,-0.49086263764909743,-1.2267815590909048,-1.599505260385087,0
1.228797629365785,-0.10424547505293749,1.4032926388275906,-0.809814396149238,0
-0.5894600795001372,-0.10542749414751242,1.2971871059291868,0.15349605346525605,1
-0.5581045090606074,0.46466940496802134,-0.9741101597445564,-1.6922308794376488,0
-1.4609498931631504,3.07988865741526,-1.101432196598966,0.3317223227162466,0
1.1935827479791496,0.073341141235793,-0.5056499342387071,0.6486287583892887,0
-1.579445976970955,-0.8242894423203194,-0.5802128280141295,-1.305516994699049,0
0.9828082527874726,1.1966324366575645,-1.288628082965251,-1.3656872821266344,1
-1.289773479390637,0.3268869935560753,0.8513507804682945,-0.32719237209465196,1
0.6716771691081153,-1.5544983197466598,-0.0936648619404238,1.9026890044318272,1
0.6981514109462731,-1.2781270372827354,0.7848738846925449,-1.0870413868407678,0
-1.0602256183674188,0.511290669581173,0.10640899824942433,-1.5839106240225824,1
-2.2872235931562925,-1.79684457248043,0.8634974518966578,0.942735902336833,1
0.09227481684599678,0.3306806431189131,-0.6945381947043244,0.5171605259704306,1
-0.5507808665906118,1.7589668850115232,0.008633298346811032,1.332391142418737,0
-0.04731455883067222,2.4392399859673866,1.0576916830301892,0.49717860040361883,0
0.4726201760073457,-0.12310597006403519,0.9734063219969605,0.7718888891280599,0
-0.576982596782989,0.48317662789178956,-0.8493733973858834,-1.2413117923966697,1
0.2909713996112856,-1.8611641169386621,-0.9212828693830787,-1.3136568861610634,0
1.4484183246799023,-0.7441866428870373,0.23296655811175968,-2.2939227811656133,0
-0.31505717674223005,0.1875719957924106,0.8716810527507826,1.6275185842562951,0
1.1870104297937514,-1.8605176022550756,1.3761930459317915,-0.36502957773596073,0
1.3931776311935373,-1.58051671962053,-0.8204378860874039,-0.6192131819770479,0
0.564761994595671,-2.6313104356019914,0.08887194875121304,-1.4736850997779651,0
-0.25896439217067385,0.6254466716087085,1.2616216050572884,-0.9106384566086781,1
1.2409443002111902,2.2194941772261343,-0.3463234944656855,0.3657486937861564,0
0.1053168894083025,1.0375103764724112,1.27115131157819,-0.004038600217020315,1
-0.7902707126366232,0.6726680548712365,-1.0242619970892142,0.9073795426800255,0
-0.1868393553326025,0.008596083084571089,0.06431814935053987,0.3982837943552742,0
-0.589265675758603,-0.11618467715401333,-0.33736203231397277,0.48601092702765436,1
-0.40935634595323456,-1.5768560549648698,1.314889312238408,-1.1979176045802076,0
0.6518983989532301,0.2740515904016536,1.674670188111624,0.6380152519555208,1
-0.014146165148332427,0.9228742482189833,-1.4083192568047433,-1.0984796318509293,0
-0.874833825820231,0.7154113688952227,0.5295254258842018,-0.03591826614418499,0
0.6450419711689431,-1.0413686572178646,1.639947586703558,-0.42712281374528666,0
0.630379314928031,1.019459484885816,2.0186643366688677,-0.6052040629327392,0
0.5649518540071133,-0.6869987406590572,0.8150831007448794,1.3184537861633785,0
-0.2673080190802948,1.2129721879406685,0.09672085047633842,1.2256113554214716,0
0.688676642841689,0.6757768978486439,-0.289908856702933,-0.3338725123071544,0
0.28267273261907755,-0.9641058180182953,0.8971151509656272,-0.9779999840968272,0
-0.7624499884878388,-0.532162625018107,0.94863650360965035,-0.351943859713625,1
-0.6168238123895912,1.5599157418019847,-2.2140378370185374,0.6875895293447183,0
-1.2791648132850708,0.4680757137602733,1.404788703280237,0.7603636088646755,1
-1.9851060665000946,-0.6485566812048071,0.1726918298147964,-0.4624075034152151,0
1.649903122173901,-1.235744872246621,0.10294718026134599,-0.12686016573537096,0
1.4523400023834254,0.06361235750243896,0.32719228974386266,1.5353353701560772,0
0.6178929914493146,-0.9278355273197209,0.6650339118123477,-2.78445696303637,0
1.0253800624383493,0.4182927061433347,0.022937148702388666,2.105052884866726,0
1.7877284277501464,0.08967186666413195,0.7353967405765279,-0.7183338053528951,0
0.19443517369898808,2.3767697554672944,-1.6544046017005745,-0.6397438710900645,0
0.5635444453701202,-0.3582211503419812,-0.10356030648628602,0.5169350672868263,1
0.7273712038224386,-0.532580275633074,-0.6590377696788148,0.6979391073318867,1
2.053451858782655,1.311968477163632,-0.511605201599999,0.7027279916151923,0
-0.17613504419797912,-0.17072560724831312,-0.38699324668510654,-1.6025415191656998,0
0.17807704004672925,0.4505247192519636,-0.038982958692822235,0.07493925077058296,0
-0.962267715565076,1.7480423300202497,0.4353284961009494,1.8677396887922566,0
-0.3560483905329701,1.2576451356782163,1.2396888654491305,-1.1215269963465915,1
-1.625740095131563,0.4558019098284314,-0.7512899035905473,-1.5194485438618999,0
-0.6229259437181623,0.08848386370927719,0.14605230434408903,0.1448768531175026,0
1.09819219789292,1.6638715379098572,-0.6855420354176757,-1.3750672253703389,1
-0.5913220645605545,-1.287313295779663,0.419580530891907,-0.7092001396578644,0
4.183136706816819e-4,0.4511390634348238,-2.357449930280747,0.9482627187515611,0
-1.7397404983374494,1.0748358814330559,0.4093921747450611,1.0980760702589372,0
0.8040014718226265,0.7299035268153357,-0.14286382564318673,0.33094402634508213,0
0.42539477476049303,1.6232769511515397,-0.23783363349135608,0.3974651312123947,0
-1.4744967479143887,0.8087036169219011,0.13449804672948826,0.2013607256526434,0
0.5392641599025084,0.3525070981055396,0.19045283973952618,0.9498539860195445,1
-0.9850364907992599,0.39941927192874943,0.5180553952255216,-0.8671438836706981,0
0.6221402725751933,0.3853437246416907,0.825103541746742,0.599526177205684,0
-2.31563349940125,0.33986392119560205,-0.21789119869686668,-0.627244857315093,0
0.10983247565931123,0.028791288333578465,-1.0070681967699278,0.9112214801478297,0
-0.5940224295751536,-0.4534428655293908,0.3271642461666061,-0.16459060734882658,1
-1.7780971483974424,0.09789440766024107,-0.26783459734864623,-1.5171857852481851,0
-1.8208358684146173,0.10783413607083389,-0.6842865303139637,-0.5131370591335309,0
0.3453697666907087,0.39355616192748527,-0.2883491726976917,0.024830092982580616,0
1.154578566287255,1.1807557806798585,-0.6439556428507491,-0.8949086534752346,1
0.44677237891047866,-0.6237878541786919,1.9432069548610567,1.0131555518775248,0
0.001278139188303056,-1.4177943848162362,0.2537500802232915,-0.27862347008660204,0
2.021996805209515,-0.5643084843359022,1.1171282712743211,1.7160526475783797,0
0.8007639934741714,0.857636830303658,0.3206328833950941,-0.09795051500072874,0
-0.6729218497519649,-1.3212922862014376,0.9958761437983846,1.416704544155479,1
1.3469024626047463,0.21555957895591968,-1.4105440654409453,-0.19169780899306094,0
0.3227049805775592,-1.7870380667416974,-0.6192046770596756,0.531552411612177,0
0.3048396357051415,0.7195678023705329,-0.6810791191051859,1.1423897978860869,1
0.28644574370404,-1.5505736354436181,-0.43078559090433405,-1.045681024601828,0
0.13997187803771224,-0.4107139913967309,-0.7419475381157674,-0.0807841900334891,0
2.2423767176681317,-1.7320714708085763,-2.4610579918915647,0.12644816813364151,1
-0.3068271113850609,0.14810376728871572,-2.207409153074082,-0.8470340231849114,0
-1.070338367157805,-0.693783495242548,0.4526872169002188,-1.0043664377828416,0
0.20664682291466424,0.48367564970355165,0.034578807337471956,0.6814416639692297,0
-0.9426095696530453,-1.002747815783743,1.4518180338238036,-1.3529345877833538,0
0.7115672057927201,-0.6176724419519681,-0.47564827420161637,-0.26468545674744515,0
0.9909367036916513,0.38616105472039103,3.069992289865227,1.9615601050724005,0
0.15855753763653566,-1.3965839787696734,0.8110560246271422,-1.0631619704697006,0
0.9027372780742998,2.0417848173947926,1.537552887999238,-0.8082358229678325,0
-0.31008871677867333,-0.3210314693817331,0.2218228452599729,-0.7973440736305769,0
1.0433830503841397,-1.044829907892698,-0.47606523893396313,1.3760219738320898,1
-1.0763551400996478,1.1484268597885146,2.600711118859588,0.6198218552649756,1
0.3557154496846056,0.4983891200093258,-0.09752137510312786,-1.3303617525701343,1
1.2797468192521901,0.4901219664414718,0.24051366872258664,0.04199976106363091,0
-1.4985357967958308,-1.7827332670527796,-0.43802925463112335,-0.3542563879422879,0
-0.06579429126108126,0.48344320929644957,0.4725753552676719,-0.9098577714508644,0
-1.7341298626138024,0.5962644892053196,-0.5942009793930121,1.0756718647932602,0
0.2847241577650185,-0.3120843212010933,0.03904780491910755,1.3298855306682673,1
1.674090027858057,-1.44661525775141,-0.6820446165310409,1.1644427192322258,1
-0.9810917716008809,-0.10074569085976158,0.003818087397395915,-1.8759734657714855,1
0.6130188991080195,0.714273727385917,-0.1253036505146969,-1.1583714054668297,1
-1.4398006295596963,-1.1781287121935913,1.5243154388114484,0.11779025775035896,1
-2.3333383664474656,0.8835938169064702,0.568060751247154,0.7330627357282576,0
-0.1443623189150409,-0.7136680275938668,1.6843805381467596,-1.5924121842108583,0
1.472779170691901,-1.3231937819647246,1.9871204654385985,-0.12086264638316484,0
-0.01431453923808558,0.6458455692889786,0.7163200715381203,0.806884027768663,0
0.8394536269267014,0.17915107523216758,0.4290565518110088,1.6717164183499453,0
0.7023183117514046,-0.8613010452515831,0.7422773662510286,-0.48706168641748643,0
0.9650954636238522,-0.3164268617182709,-0.9748229688352903,0.1936467169130619,0
-0.9693950324451794,0.5685390344326174,-0.9550322678991596,-0.18620819896013624,0
-1.7841924395652538,0.29343274009349296,0.6933390065824103,-0.9668186914404158,1
0.3890094827082247,0.28312337304587654,1.1365343785645827,0.5637333263500046,0
1.89268488778855,-1.3348948047839453,-0.14054378640245754,-0.8858944969728788,0
0.03718129474587479,-0.440198927869318,-0.877233709843682,0.6750401709771457,1
0.3671421787393608,-0.25345186348833,-0.14735380748001026,-0.07602736360243874,1
0.011098888392209353,0.5243338417506066,-0.26972707184499567,-0.007169093948277295,1
-0.502176610048348,1.2892065588367216,-0.04523032765925174,-1.000726306928432,1
-2.574071842717678,1.1174713202228872,-1.1785908316592182,0.9268659355854869,0
-1.1405115563254042,0.8411408780406263,-0.5141022263972529,0.31119864359122573,0
0.8304512444818277,-1.2033170247556164,-0.3143647840924271,0.556804121550578,1
-1.6502257876718585,-0.16366084960611207,0.5152184420410802,-0.863974451098573,0
-1.1671111455618346,1.3947139946295861,0.8334725284856247,1.167283075899134,0
-0.7103867724542189,-1.8992405856710868,-0.7192592910810812,1.1699476603298136,1
0.699834197890355,2.1294474106846537,-1.0265612645279627,-0.9464475677567746,1
-0.28655349910915656,-0.5604799173222599,0.9191538987921812,1.6322855399532077,1
0.2039589152541239,-0.9774363720888162,-0.23098935295940443,-1.8297598933976482,0
-0.07091332340817307,0.15941650935457305,-0.9326165546652306,0.9691245998818052,0
0.9932419455134588,-0.9983378305496194,1.2780752406830056,1.4275069252052563,0
-0.9219253000949049,-0.30860341182226547,0.5768159350583828,0.6312588745869139,1
-1.1499747663878406,3.017842960695121,-1.3173800531292763,-1.6341270805279322,0
